850490912954351616,Alex Brosas another idiot #ALDUBKSGoesToUS  https://t.co/14G7hFwVQm
850409232440729601,Paid journalist..WHAT A WASTE OF PAPER... CHECK YOUR FACTS BAKLANG BROSAS. G NA G KA NA TAKAGA KAYA KAHIT WALANG KW‚Ä¶ https://t.co/IuXymxAe3J
848791766853668864,RT @ItIzBiz: as Nancy Reagan would say, 'just say FUCKING NO!" or something like that... https://t.co/ZaxB2gCq5v
848730081409335296,seriously - right - what else would it take to make a senator stand up TREASON IS THE CHARGE - NO TO TRUMPS NOMINEE‚Ä¶ https://t.co/qmnhClchTy
850010509969465344,RT @MailOnline: The Nazi death gas so horrific even Hitler feared using it https://t.co/pO2FiPVcnc
850433664890544128,I hate er chase because if the Bitch that works there she's literally evil
848619867506913282,RT @chevleia: don't hmu when u get tired of ur boring hoe ur boring now too
850411934205845504,RT @ashllyd: SICK OF BITCHES ON THE INTERNET üêçüôÖüëâhttps://t.co/BkyqCFx64G @UKBloggers1 @FemaleBloggerRT @TheGirlGangHQ #fbloggers #fblchat @U‚Ä¶
850449456445235200,RT @Auria__: Can't even feel bad for females who are stuck on a nigga that disrespects them . You gon learn sis
850100742035836929,RT @nyctophil3: Pineapples do not belong on pizza. Y'all niggas are nasty.
847945888995708928,RT @electricpunany: i HATE how some of u ignore the fact that ur nigga cheated bc he WANTED to. not bc some girl didn't care that he had a‚Ä¶
849282894682050564,But he still with the shits so he started smoking and drinking (bad combo) probably looking like ... https://t.co/GWLVBxkGgh
848491429517295616,RT @Configa: April Fools fucking #dope If you ain't feeling this than you have rigor mortis, dummy!! #hiphop #boombap #goldenera‚Ä¶ https://t‚Ä¶
850455815001522176,RT @GarryBoom: With a fucking PENCIL! @JohnWickMovie https://t.co/JiFc3Qkloy
847534226413105152,Not having access to my money is fucking pissing me off!!!!
847804507367100416,Niggas keep talking about women wearing weave but be sick when a bitch up a fro on they ass. üò≠
849562231129993216,"God, you're fucking pathetic." https://t.co/ugvCc03GzC
847851483571814400,You Worried About Somebody Bein Ugly... Bitch You Ugly...
850344984742174720,Carlos Correa had gyalchester as his walkup music and it was so bad ass üòÇ
848668638869671939,Damn dean just put Corbin to sleep. That Match Also Showed why It Was On Pre show. Boring as fuck
850660404770590720,"THE FORCE AWAKENS: A Bad Lip Reading" (Featuring Mark Hamill as Han Solo) https://t.co/hWWWMPP03c
848638037231906817,I hate a ol I forgot my Wallet at home but I have my ID ass bitch!!!
850090319165050880,@vappywave idiot that's not gonna work. you gotta put flame stickers on it to make it go faster
850090043423281152,*pours gatorade into my computer to make it run faster*
848610228967010305,RT @dawseyslinstead: i just want to cry so fucking bad look at them https://t.co/FaxDU5fI3m
849636831033532417,RT @AndyRichter: Jesus, the Get Out sequel looks fucking terrifying https://t.co/cJRwj2QjzP
848866727429455872,RT @antoniodelotero: 2. i'm a bad bitch you can't kill me https://t.co/mI0xmuNbfM
848926030723031040,RT @HeeeyMonica: Papaya has to be the worst fruit ever
850311262504407044,RT @mackym1996: He is a fucking idiot. I swear https://t.co/Cy9cNUNBlZ
848455845021196288,This is one ass extended April fools I pray someone just says it's a bad joke
848975292794318848,@Pineaqples @DenialEsports btw I watched where you watched my pov on stream and boii do I feel retarded
848974465681641472,oh yeah, we're 5 subs away from 900. &lt;3 https://t.co/kSQCCOljc1
847496569947422725,I hate yo ass for thisüòÇüòÇbut you already know yeaüíØ https://t.co/xnV342XdUa
847444345125044224,Oooouuuu üôà https://t.co/UriLo8yfjr
849054770694434816,RT @Kimberley1222: Disgusting. Insulting. Parks are NOT a charity. Give them a fucking budget, asshole.  @realDonaldTrump  #TheResistance #‚Ä¶
849051519911682048,Trump to Donate First Quarter Salary to Parks Service https://t.co/Q507rDAqKB via @thedailybeast
850346419164553218,@NikkisBubble Every bird turd is talking "Children of God" or Our bros. &amp; Sisters" to push evil policy Russia got f‚Ä¶ https://t.co/JTezgp7FrU
850153748353646594,This was Obama's plan for Syria in 2013, he didn't go thru w/it b/c Congress neva gv him the ok #inners #maddow‚Ä¶ https://t.co/75XKqqLY1c
847803697857953794,RT @gogglepossum: Don't you hate people that put salt on their bag of dicks before even trying them?
848960621127270400,Niggas don't lie, our ugly friend put up a pic we just gon write "nigga u ugly" under it
848960211155111936,Girls the best liars, they be hyping the shit out of their ugly friend under their pics on Instagram
849337999431274497,Don't sleep with me? Then don't speak with me. And never talk bad bout niggas that eat with me
848901053634547713,Grassley is a damn liar &amp; saying everything for the stupid #MAGA Supporters. Repubs #gaslight all gullible‚Ä¶ https://t.co/6QyPPz5x8R
848900062172381185,Grassley states opponents of #Gorsuch have tried to find fault and couldn't. #SCOTUS overturned his IDEA ruling 8-0. That's 8 people who did
848958729513054208,Person telling me, it's me, the sugar in your Tea, are u actually fucking mad !!
848686686930382848,RT @ayevonnn: bruh i fucking hate people like this üò§ https://t.co/dceEXQhnhq
848999561066663939,unfollowing "bad bitches" on IG just to follow some jiggy ass Asians
849966683662032896,@theDoofmanDFS @theDoofmanDFS are u still rocking with that team btw nani is fucking sick i tried him
848683093322018817,So far 3-0 with this team. Should I use this as my actual squad? https://t.co/x6wv1deD34
849574897940606976,RT @AndyRichter: Jesus, the Get Out sequel looks fucking terrifying https://t.co/cJRwj2QjzP
850380636300820480,RT @mattmfm: I'm really fucking sick of watching the Republican Party be rewarded for flagrantly degrading our democracy.
848652738267406337,Systems that don't allow you to change your email address... what the hell are you doing? Were you built by idiots?
848644610108919808,Needing to change your email on all your accounts exposes the poorly implemented ones from the horrifically shit ones! #ComeOnPeople
849797741312180224,Holy crap!! The biggest assclown of a mayor on @TuckerCarlson pulling race card!! Get his ass outta office!!! #draintheswamp
850720957941547008,I repeat... What the bloody hell is happening! üôàüëÄ https://t.co/nWQlRJRIV3
850720662872350721,Goal - 6-1 to Norwich. Hoolahan again, from close range.
850071247673151488,im so fucking sick of seeing this damn tweet. https://t.co/MRMOy3mQXO
849107027527745536,RT @EiramAydni: Im a nasty ass freak when I like you..
847652946217009155,@JayFoee_ just another dumbass bronco fan swear I hate this fanbase dawg üò≠
847652506372984835,@pelibruhh Lol slide this nigga brody lmaao
849464319288987650,RT @AndyRichter: Jesus, the Get Out sequel looks fucking terrifying https://t.co/cJRwj2QjzP
848712276408512513,@StephMcMahon looking like the bad ass bitch that she is. #hotmama #Wrestlemania
847434833995350016,RT @chanbaekhurrah: in case u guys had a painful day like mine, here's chanyeol asking to hold baekhyun's hand bcs why the hell not üòÑüíïüíï htt‚Ä¶
847535899974004737,RT @genn_up: "Opened 5 min ago" is SO fuckin annoying. A dinny send messages for the ged of ma health a send them for a fuckin REPLY
848338236770582529,Dick Tracy Meets Gruesome - the 2017 re-boot #Riffotronic https://t.co/IMkbJxjysV
848337741813358592,fucks sake go away stupid anon ‚Äî ^  https://t.co/8TQGyiKCVE
850131301713793024,can someone sum this up before i call this guy retarded https://t.co/yuQVEUcvia
848601639057575936,RT @BluntOfLoud: Reason Why These Bitches Secretly Hate Meü§£ü§£ü§£ü§£ü§£ https://t.co/ixJD7B4ZDz
847542736651767809,what idiot called them antacids and not afterburners
